<?xml version="1.0" encoding="UTF-8"?>
<project-private xmlns="http://www.netbeans.org/ns/project-private/1">
    <editor-bookmarks xmlns="http://www.netbeans.org/ns/editor-bookmarks/2" lastBookmarkId="0"/>
    <open-files xmlns="http://www.netbeans.org/ns/projectui-open-files/2">
        <group>
            <file>file:/C:/Users/adity/OneDrive/Documents/NetBeansProjects/VoteForChange/web/manageuser.jsp</file>
            <file>file:/C:/Users/adity/OneDrive/Documents/NetBeansProjects/VoteForChange/web/jsscript/registration.js</file>
            <file>file:/C:/Users/adity/OneDrive/Documents/NetBeansProjects/VoteForChange/src/java/evoting/dao/UserDAO.java</file>
            <file>file:/C:/Users/adity/OneDrive/Documents/NetBeansProjects/VoteForChange/web/registration.html</file>
        </group>
    </open-files>
</project-private>
